id	category	file	url	sha256	license	source	cabinet_id	cabinet	speaker	microphone	position	variant
ep-booster	pedal	P01_EP_Booster_25_Bright.nam	https://api.tone3000.com/storage/v1/object/public/models/e75144951ff96650_a2.nam	d5bf7049d6e0810847cc18f0116fb7ec66f1715d68bbad52fd9c186739f18c8b	T3K	https://www.tone3000.com/tones/xotic-ep-booster-pack-1643
klon	pedal	P02_Klon_John_Mayer.nam	https://api.tone3000.com/storage/v1/object/public/models/e49b29690178bc8a_a2.nam	8350a23c46715f8e39bd596ef7c96bb5f7005b2fdaec11c566324666b73ee15e	T3K	https://www.tone3000.com/tones/klon-silver-centaur-5196
bluesbreaker	pedal	P03_Bluesbreaker_Low_Gain.nam	https://api.tone3000.com/storage/v1/object/public/models/31aeae1256b36839_a2.nam	7b8f1f438d609ad508513fdfc93b467d0bce92fa3461040cdc317ef361979e77	T3K	https://www.tone3000.com/tones/marshall-bluesbreaker-pedal-original-1778
ts9-1982	pedal	P04_1982_Ibanez_TS9.nam	https://api.tone3000.com/storage/v1/object/public/models/2o8gho9uh8y_a2.nam	c47ebd366b3abe10ca7e278b15bb006e77bef3f4743f210066701e16a26c92e5	T3K	https://www.tone3000.com/tones/ibanez-tube-screamer-ts9-1982-39841
timmy	pedal	P05_Timmy_G300.nam	https://api.tone3000.com/storage/v1/object/public/models/z2sb079uolo_a2.nam	01077e3f36c4c4de50a5cc708f59acbfdde961f2352a3056b17fa86bce375f13	T3K	https://www.tone3000.com/tones/paul-cochrane-timmy-v2-49375
fender-twin	amp	A01_Fender_Twin_Custom_Clean.nam	https://api.tone3000.com/storage/v1/object/public/models/a8dbb55515a26d09_a2.nam	135be42fb60ce770e2f98530c7c42e3451f4fd0c86c85ab2338ee34e392f3314	T3K	https://www.tone3000.com/tones/fender-twin-reverb-pack-standard-2498
vox-ac30-clean	amp	A02_Vox_AC30_Clean_DI.nam	https://api.tone3000.com/storage/v1/object/public/models/6mk3d67psci_a2.nam	d1d02ac545f12adf7642ab490b906e7ce18e76d244be8f8954e5d5ff7920075f	T3K	https://www.tone3000.com/tones/vox-ac30-tb-amp-head-64143
jcm800-g6	amp	A03_Marshall_JCM800_Low_G6.nam	https://api.tone3000.com/storage/v1/object/public/models/d1dbbf5700ba4ec9_a2.nam	1d110889854e965a80747d85dde39c5ba0de0943b1fbb9061bb7c3d001d00692	T3K	https://www.tone3000.com/tones/jcm800-2203-1985-1577
mesa-iic-clean	amp	A04_Mesa_Mark_IIC_Yummy_Clean.nam	https://api.tone3000.com/storage/v1/object/public/models/ddc986cc57bb2614_a2.nam	434f06ac15beac5e2948d7179b13c4cbba15ebf40f3d08f8659f32c758b6f3a3	T3K	https://www.tone3000.com/tones/mesa-boogie-mark-iic-essentials-pack-2561
orange-clean	amp	A05_Orange_Rockerverb_Clean.nam	https://api.tone3000.com/storage/v1/object/public/models/287627eb4e104d3d_a2.nam	336edff4654f43b669a8bb13a31d5f117f34860164a15632e283e4853fb22988	T3K	https://www.tone3000.com/tones/orange-rockerverb-mk3-v2-canovarnold-1844
fender-drri-rig	rig	R01_Fender_DRRI_Clean_Close_Mics.nam	https://api.tone3000.com/storage/v1/object/public/models/7fxhli7079v_a2.nam	e710cbec88b07e239e45c38c1cae90178d3d65c6ca4336185893209dfb84b5b1	T3K	https://www.tone3000.com/tones/deluxe-reverb-65-reissue-clean-51649
vox-ef86-rig	rig	R02_Vox_AC30_EF86_Crunch.nam	https://api.tone3000.com/storage/v1/object/public/models/tyuqvlvfuan_a2.nam	2f4d703b312fbf3d57831d340a105d6febf1d85eccbe5135f9191b3a33d2bca6	T3K	https://www.tone3000.com/tones/vox-ac304-1961-fawn-ef86-53601
jtm45-rig	rig	R03_Marshall_JTM45_100_Edge.nam	https://api.tone3000.com/storage/v1/object/public/models/5nochoggiog_a2.nam	5fe8447bd9f2c1435a21e7bce5bcdbbcd8f8c5856b27fadaf7d5523fe45ad761	T3K	https://www.tone3000.com/tones/marshall-jtm-45100-super-100-amplifier-1966-56237
orange-rig	rig	R04_Orange_Rockerverb_Crunch.nam	https://api.tone3000.com/storage/v1/object/public/models/y2vzbwvuhp_a2.nam	8bc8441c782df93d48d39d934e9abb0e709597f7496e8989371ed0778b2a416b	T3K	https://www.tone3000.com/tones/orange-rockerverb-mk3-with-cab-orange-4x12-45209
blackstar-tv10-rig	rig	R05_Blackstar_TV10_AH_G4.nam	https://api.tone3000.com/storage/v1/object/public/models/z1sbgz93od_a2.nam	b4560679cb44b1f7426d27a78314f5211ec75d4eee27dd4c6aa46363316888f7	T3K	https://www.tone3000.com/tones/blackstar-tv-10-ah-with-tv-112-a-cab-53948
brutal-cookie	cab	C01_Brutal_412_Cookie_Monster.wav	https://raw.githubusercontent.com/darwinscat/orbitcab/e3f02a7215dce34291106ad0514f6196f9193ef4/resources/ir/01-cookie-monster.wav	48b4e8dc8bde8595f8b8153128e99debd981c30b2b7a427e8bf8f3db0a84f49f	CC0-1.0	https://github.com/darwinscat/orbitcab/blob/e3f02a7215dce34291106ad0514f6196f9193ef4/docs/ASSET-LICENSES.md	brutal-412	BG412S MOD	V30/RDJR/DV77	UNSPECIFIED	UNDOCUMENTED	COOKIE MONSTER
brutal-kaiju	cab	C02_Brutal_412_Kaiju_Tamer.wav	https://raw.githubusercontent.com/darwinscat/orbitcab/e3f02a7215dce34291106ad0514f6196f9193ef4/resources/ir/04-kaiju-tamer.wav	aaf1052a508280ffe624d1760a84dbac80792b802d30d2402530d1d8344ad168	CC0-1.0	https://github.com/darwinscat/orbitcab/blob/e3f02a7215dce34291106ad0514f6196f9193ef4/docs/ASSET-LICENSES.md	brutal-412	BG412S MOD	V30/RDJR/DV77	UNSPECIFIED	UNDOCUMENTED	KAIJU TAMER
brutal-wumbo	cab	C03_Brutal_412_Wumbo.wav	https://raw.githubusercontent.com/darwinscat/orbitcab/e3f02a7215dce34291106ad0514f6196f9193ef4/resources/ir/11-wumbo.wav	a4cf39c9e7ab6d3ce10d01726419f7d410410970301034983a7c8cd0a2717860	CC0-1.0	https://github.com/darwinscat/orbitcab/blob/e3f02a7215dce34291106ad0514f6196f9193ef4/docs/ASSET-LICENSES.md	brutal-412	BG412S MOD	V30/RDJR/DV77	UNSPECIFIED	UNDOCUMENTED	WUMBO
greenback-nacho	cab	C04_Greenback_1960AX_Nacho.wav	https://raw.githubusercontent.com/darwinscat/orbitcab/e3f02a7215dce34291106ad0514f6196f9193ef4/resources/ir/16-nacho-guacamole.wav	c1d0a337732ae6407b30055305e3ae579a9231b0a515b27795fb206946ef19fb	CC0-1.0	https://github.com/darwinscat/orbitcab/blob/e3f02a7215dce34291106ad0514f6196f9193ef4/docs/ASSET-LICENSES.md	greenback-1960ax	MARSHALL 1960AX	G12M25	UNSPECIFIED	UNDOCUMENTED	NACHO GUACAMOLE
greenback-spinacio	cab	C05_Greenback_1960AX_Spinacio.wav	https://raw.githubusercontent.com/darwinscat/orbitcab/e3f02a7215dce34291106ad0514f6196f9193ef4/resources/ir/20-don-spinacio.wav	adfd528a923df9825a1294bd17437aaf99a3d7f1f5e5ef1ed2b5dd43a2c74cd0	CC0-1.0	https://github.com/darwinscat/orbitcab/blob/e3f02a7215dce34291106ad0514f6196f9193ef4/docs/ASSET-LICENSES.md	greenback-1960ax	MARSHALL 1960AX	G12M25	UNSPECIFIED	UNDOCUMENTED	DON SPINACIO
